label,mean,min,max,median
false,0.5365524830699774,0.0,1.0,0.5643340857787811
true,0.3792268623024831,0.0,0.9198645598194131,0.3724604966139955
